Workbook

Sheet Ruta
A1: TSP: modelo para Evolutionary
A3: Paso | B3: ID ciudad | C3: Ciudad | D3: ID destino | E3: Destino | F3: Tramo (km) | G3: Acumulado (km)
A4: 1 | B4: 15 | C4: =INDEX(Distancias!$A$4:$A$23,B4) -> Salamanca | D4: =B5 -> 9 | E4: =INDEX(Distancias!$A$4:$A$23,D4) -> León | F4: =INDEX(Distancias!$B$4:$U$23,B4,D4) -> 194 | G4: =SUM($F$4:F4) -> 194
A5: 2 | B5: 9 | C5: =INDEX(Distancias!$A$4:$A$23,B5) -> León | D5: =B6 -> 1 | E5: =INDEX(Distancias!$A$4:$A$23,D5) -> A Coruña | F5: =INDEX(Distancias!$B$4:$U$23,B5,D5) -> 286 | G5: =SUM($F$4:F5) -> 480
A6: 3 | B6: 1 | C6: =INDEX(Distancias!$A$4:$A$23,B6) -> A Coruña | D6: =B7 -> 13 | E6: =INDEX(Distancias!$A$4:$A$23,D6) -> Ourense | F6: =INDEX(Distancias!$B$4:$U$23,B6,D6) -> 144 | G6: =SUM($F$4:F6) -> 624
A7: 4 | B7: 13 | C7: =INDEX(Distancias!$A$4:$A$23,B7) -> Ourense | D7: =B8 -> 19 | E7: =INDEX(Distancias!$A$4:$A$23,D7) -> Vigo | F7: =INDEX(Distancias!$B$4:$U$23,B7,D7) -> 87 | G7: =SUM($F$4:F7) -> 711
A8: 5 | B8: 19 | C8: =INDEX(Distancias!$A$4:$A$23,B8) -> Vigo | D8: =B9 -> 4 | E8: =INDEX(Distancias!$A$4:$A$23,D8) -> Badajoz | F8: =INDEX(Distancias!$B$4:$U$23,B8,D8) -> 478 | G8: =SUM($F$4:F8) -> 1189
A9: 6 | B9: 4 | C9: =INDEX(Distancias!$A$4:$A$23,B9) -> Badajoz | D9: =B10 -> 17 | E9: =INDEX(Distancias!$A$4:$A$23,D9) -> Sevilla | F9: =INDEX(Distancias!$B$4:$U$23,B9,D9) -> 207 | G9: =SUM($F$4:F9) -> 1396
A10: 7 | B10: 17 | C10: =INDEX(Distancias!$A$4:$A$23,B10) -> Sevilla | D10: =B11 -> 12 | E10: =INDEX(Distancias!$A$4:$A$23,D10) -> Málaga | F10: =INDEX(Distancias!$B$4:$U$23,B10,D10) -> 191 | G10: =SUM($F$4:F10) -> 1587
A11: 8 | B11: 12 | C11: =INDEX(Distancias!$A$4:$A$23,B11) -> Málaga | D11: =B12 -> 8 | E11: =INDEX(Distancias!$A$4:$A$23,D11) -> Córdoba | F11: =INDEX(Distancias!$B$4:$U$23,B11,D11) -> 155 | G11: =SUM($F$4:F11) -> 1742
A12: 9 | B12: 8 | C12: =INDEX(Distancias!$A$4:$A$23,B12) -> Córdoba | D12: =B13 -> 2 | E12: =INDEX(Distancias!$A$4:$A$23,D12) -> Albacete | F12: =INDEX(Distancias!$B$4:$U$23,B12,D12) -> 324 | G12: =SUM($F$4:F12) -> 2066
A13: 10 | B13: 2 | C13: =INDEX(Distancias!$A$4:$A$23,B13) -> Albacete | D13: =B14 -> 3 | E13: =INDEX(Distancias!$A$4:$A$23,D13) -> Alicante | F13: =INDEX(Distancias!$B$4:$U$23,B13,D13) -> 163 | G13: =SUM($F$4:F13) -> 2229
A14: 11 | B14: 3 | C14: =INDEX(Distancias!$A$4:$A$23,B14) -> Alicante | D14: =B15 -> 18 | E14: =INDEX(Distancias!$A$4:$A$23,D14) -> Valencia | F14: =INDEX(Distancias!$B$4:$U$23,B14,D14) -> 158 | G14: =SUM($F$4:F14) -> 2387
A15: 12 | B15: 18 | C15: =INDEX(Distancias!$A$4:$A$23,B15) -> Valencia | D15: =B16 -> 7 | E15: =INDEX(Distancias!$A$4:$A$23,D15) -> Castellón | F15: =INDEX(Distancias!$B$4:$U$23,B15,D15) -> 67 | G15: =SUM($F$4:F15) -> 2454
... A22: 19 | B22: 6 | C22: =INDEX(Distancias!$A$4:$A$23,B22) -> Burgos | D22: =B23 -> 11 | E22: =INDEX(Distancias!$A$4:$A$23,D22) -> Madrid | F22: =INDEX(Distancias!$B$4:$U$23,B22,D22) -> 231 | G22: =SUM($F$4:F22) -> 3798
A23: 20 | B23: 11 | C23: =INDEX(Distancias!$A$4:$A$23,B23) -> Madrid | D23: =B4 -> 15 | E23: =INDEX(Distancias!$A$4:$A$23,D23) -> Salamanca | F23: =INDEX(Distancias!$B$4:$U$23,B23,D23) -> 200 | G23: =SUM($F$4:F23) -> 3998
A25: Repeticiones | C25: =COUNTIF(AC26:AC37,"<>1") -> 0 | AB25: ID | AC25: Veces
AB26: 1 | AC26: =COUNTIF($B$4:$B$23,AB26) -> 1
A27: Fuera de rango | C27: =COUNTIF(B4:B23,"<1")+COUNTIF(B4:B23,">20") -> 0 | AB27: 2 | AC27: =COUNTIF($B$4:$B$23,AB27) -> 1
AB28: 3 | AC28: =COUNTIF($B$4:$B$23,AB28) -> 1
AB29: 12 | AC29: =COUNTIF($B$4:$B$23,AB29) -> 1
AB30: 13 | AC30: =COUNTIF($B$4:$B$23,AB30) -> 1
AB31: 14 | AC31: =COUNTIF($B$4:$B$23,AB31) -> 1
A32: Total (km) | C32: =SUM(F4:F23) -> 3998 | AB32: 15 | AC32: =COUNTIF($B$4:$B$23,AB32) -> 1
AB33: 16 | AC33: =COUNTIF($B$4:$B$23,AB33) -> 1
AB34: 17 | AC34: =COUNTIF($B$4:$B$23,AB34) -> 1
AB35: 18 | AC35: =COUNTIF($B$4:$B$23,AB35) -> 1
AB36: 19 | AC36: =COUNTIF($B$4:$B$23,AB36) -> 1
AB37: 20 | AC37: =COUNTIF($B$4:$B$23,AB37) -> 1

Sheet Distancias
A1: Fuente: Práctica TSP Logística y Servicios.pdf, p. 1. Distancias en km.
A3: Ciudad | B3: A Coruña | C3: Albacete | D3: Alicante | E3: Badajoz | F3: Barcelona | G3: Burgos | H3: Castellón | I3: Córdoba | J3: León | K3: Lleida | L3: Madrid | M3: Málaga | N3: Ourense | O3: Pamplona | P3: Salamanca | Q3: Santander | R3: Sevilla | S3: Valencia | T3: Vigo | U3: Zaragoza
A4: A Coruña | B4: 0 | C4: 806 | D4: 969 | E4: 615 | F4: 1029 | G4: 461 | H4: 896 | I4: 823 | J4: 286 | K4: 876 | L4: 564 | M4: 971 | N4: 144 | O4: 657 | P4: 426 | Q4: 435 | R4: 825 | S4: 908 | T4: 141 | U4: 737
A5: Albacete | B5: 806 | C5: 0 | D5: 163 | E5: 504 | F5: 497 | G5: 461 | H5: 228 | I5: 324 | J5: 562 | K5: 451 | L5: 240 | M5: 416 | N5: 722 | O5: 519 | P5: 438 | Q5: 610 | R5: 460 | S5: 167 | T5: 796 | U5: 379
A6: Alicante | B6: 969 | C6: 163 | D6: 0 | E6: 651 | F6: 494 | G6: 624 | H6: 225 | I6: 442 | J6: 725 | K6: 455 | L6: 403 | M6: 452 | N6: 885 | O6: 601 | P6: 601 | Q6: 773 | R6: 569 | S6: 158 | T6: 959 | U6: 456
A7: Badajoz | B7: 615 | C7: 504 | D7: 651 | E7: 0 | F7: 974 | G7: 528 | H7: 710 | I7: 256 | J7: 490 | K7: 830 | L7: 381 | M7: 369 | N7: 488 | O7: 727 | P7: 295 | Q7: 646 | R7: 207 | S7: 649 | T7: 478 | U7: 687
A8: Barcelona | B8: 1029 | C8: 497 | D8: 494 | E8: 974 | F8: 0 | G8: 577 | H8: 269 | I8: 818 | J8: 755 | K8: 155 | L8: 590 | M8: 894 | N8: 964 | O8: 422 | P8: 757 | Q8: 651 | R8: 954 | S8: 336 | T8: 1039 | U8: 296
A9: Burgos | B9: 461 | C9: 461 | D9: 624 | E9: 528 | F9: 577 | G9: 0 | H9: 470 | I9: 589 | J9: 180 | K9: 424 | L9: 231 | M9: 713 | N9: 403 | O9: 202 | P9: 234 | Q9: 147 | R9: 697 | S9: 489 | T9: 477 | U9: 285
A10: Castellón | B10: 896 | C10: 228 | D10: 225 | E10: 710 | F10: 269 | G10: 470 | H10: 0 | I10: 549 | J10: 629 | K10: 230 | L10: 395 | M10: 625 | N10: 831 | O10: 422 | P10: 598 | Q10: 620 | R10: 686 | S10: 67 | T10: 906 | U10: 252
A11: Córdoba | B11: 823 | C11: 324 | D11: 442 | E11: 256 | F11: 818 | G11: 589 | H11: 549 | I11: 0 | J11: 630 | K11: 747 | L11: 358 | M11: 155 | N11: 678 | O11: 718 | P11: 436 | Q11: 738 | R11: 136 | S11: 488 | T11: 723 | U11: 633
A12: León | B12: 286 | C12: 562 | D12: 725 | E12: 490 | F12: 755 | G12: 180 | H12: 629 | I12: 630 | J12: 0 | K12: 602 | L12: 320 | M12: 778 | N12: 235 | O12: 381 | P12: 194 | Q12: 229 | R12: 659 | S12: 642 | T12: 323 | U12: 463
A13: Lleida | B13: 876 | C13: 451 | D13: 455 | E13: 830 | F13: 155 | G13: 424 | H13: 230 | I13: 747 | J13: 602 | K13: 0 | L13: 446 | M13: 845 | N13: 811 | O13: 269 | P13: 604 | Q13: 498 | R13: 884 | S13: 297 | T13: 886 | U13: 142
A14: Madrid | B14: 564 | C14: 240 | D14: 403 | E14: 381 | F14: 590 | G14: 231 | H14: 395 | I14: 358 | J14: 320 | K14: 446 | L14: 0 | M14: 482 | N14: 480 | O14: 371 | P14: 200 | Q14: 380 | R14: 488 | S14: 341 | T14: 555 | U14: 303
A15: Málaga | B15: 971 | C15: 416 | D15: 452 | E15: 369 | F15: 894 | G15: 713 | H15: 625 | I15: 155 | J15: 778 | K15: 845 | L15: 482 | M15: 0 | N15: 827 | O15: 827 | P15: 584 | Q15: 863 | R15: 191 | S15: 558 | T15: 850 | U15: 732
... A23: Zaragoza | B23: 737 | C23: 379 | D23: 456 | E23: 687 | F23: 296 | G23: 285 | H23: 252 | I23: 633 | J23: 463 | K23: 142 | L23: 303 | M23: 732 | N23: 672 | O23: 171 | P23: 465 | Q23: 371 | R23: 770 | S23: 306 | T23: 747 | U23: 0
