Workbook

Sheet Modelo
A2: Silo | B2: G1 | C2: G2 | D2: G3 | E2: G4 | F2: G5 | G2: G6 | H2: G7 | I2: Abrir (0/1) | J2: Enviado | K2: Cap. activa | L2: Holgura | M2: Fijo €/día | N2: Transp. €/día
A3: S1 | B3: 36 | C3: 0 | D3: 11 | E3: 0 | F3: 0 | G3: 30 | H3: 0 | I3: 1 | J3: =SUM(B3:H3) -> 77 | K3: =Datos!I4*I3 -> 80 | L3: =K3-J3 -> 3 | M3: =Datos!K4*I3 -> 220 | N3: =SUMPRODUCT(B3:H3,Datos!B16:H16) -> 164.04
A4: S2 | B4: 0 | C4: 0 | D4: 0 | E4: 0 | F4: 0 | G4: 0 | H4: 0 | I4: 0 | J4: =SUM(B4:H4) -> 0 | K4: =Datos!I5*I4 -> 0 | L4: =K4-J4 -> 0 | M4: =Datos!K5*I4 -> 0 | N4: =SUMPRODUCT(B4:H4,Datos!B17:H17) -> 0
A5: S3 | B5: 0 | C5: 0 | D5: 0 | E5: 0 | F5: 0 | G5: 0 | H5: 0 | I5: 0 | J5: =SUM(B5:H5) -> 0 | K5: =Datos!I6*I5 -> 0 | L5: =K5-J5 -> 0 | M5: =Datos!K6*I5 -> 0 | N5: =SUMPRODUCT(B5:H5,Datos!B18:H18) -> 0
A6: S4 | B6: 0 | C6: 0 | D6: 0 | E6: 0 | F6: 0 | G6: 0 | H6: 0 | I6: 0 | J6: =SUM(B6:H6) -> 0 | K6: =Datos!I7*I6 -> 0 | L6: =K6-J6 -> 0 | M6: =Datos!K7*I6 -> 0 | N6: =SUMPRODUCT(B6:H6,Datos!B19:H19) -> 0
A7: S5 | B7: 0 | C7: 0 | D7: 23 | E7: 50 | F7: 27 | G7: 0 | H7: 0 | I7: 1 | J7: =SUM(B7:H7) -> 100 | K7: =Datos!I8*I7 -> 100 | L7: =K7-J7 -> 0 | M7: =Datos!K8*I7 -> 240 | N7: =SUMPRODUCT(B7:H7,Datos!B20:H20) -> 196.08
A8: S6 | B8: 0 | C8: 42 | D8: 0 | E8: 0 | F8: 0 | G8: 0 | H8: 43 | I8: 1 | J8: =SUM(B8:H8) -> 85 | K8: =Datos!I9*I8 -> 120 | L8: =K8-J8 -> 35 | M8: =Datos!K9*I8 -> 230 | N8: =SUMPRODUCT(B8:H8,Datos!B21:H21) -> 126.96
A10: Recibido | B10: =SUM(B3:B8) -> 36 | C10: =SUM(C3:C8) -> 42 | D10: =SUM(D3:D8) -> 34 | E10: =SUM(E3:E8) -> 50 | F10: =SUM(F3:F8) -> 27 | G10: =SUM(G3:G8) -> 30 | H10: =SUM(H3:H8) -> 43
A11: Demanda | B11: =Datos!B11 -> 36 | C11: =Datos!C11 -> 42 | D11: =Datos!D11 -> 34 | E11: =Datos!E11 -> 50 | F11: =Datos!F11 -> 27 | G11: =Datos!G11 -> 30 | H11: =Datos!H11 -> 43
A12: Diferencia | B12: =B10-B11 -> 0 | C12: =C10-C11 -> 0 | D12: =D10-D11 -> 0 | E12: =E10-E11 -> 0 | F12: =F10-F11 -> 0 | G12: =G10-G11 -> 0 | H12: =H10-H11 -> 0
A15: Coste fijo €/día | C15: =SUM(M3:M8) -> 690
A16: Transporte €/día | C16: =SUM(N3:N8) -> 487.08
A17: Total €/día | C17: =C15+C16 -> 1177.08
A18: Total 1461 días | C18: =C17*Datos!B24 -> 1719713.9
A21: Variables editables: B4:H9 (quintales/día) e I4:I9 (apertura).
A23: Solver: minimizar C18, cambiando B4:I9; método Simplex LP con variables binarias.
A24: Restricciones: I4:I9 binarias; B4:H9 >= 0; J4:J9 <= K4:K9; B11:H11 = B12:H12.

Sheet Datos
A1: Fuente: Ejercicio 2 Tema 4 Práctica.pdf, p. 1.
A3: Silo | B3: G1 | C3: G2 | D3: G3 | E3: G4 | F3: G5 | G3: G6 | H3: G7 | I3: Cap. q/día | J3: Fijo 4 años € | K3: Fijo €/día
A4: S1 | B4: 18 | C4: 23 | D4: 19 | E4: 21 | F4: 24 | G4: 17 | H4: 9 | I4: 80 | J4: 321420 | K4: =J4/$B$24 -> 220
A5: S2 | B5: 21 | C5: 18 | D5: 17 | E5: 23 | F5: 11 | G5: 18 | H5: 20 | I5: 90 | J5: 350640 | K5: =J5/$B$24 -> 240
A6: S3 | B6: 27 | C6: 18 | D6: 17 | E6: 20 | F6: 23 | G6: 9 | H6: 18 | I6: 110 | J6: 379860 | K6: =J6/$B$24 -> 260
A7: S4 | B7: 16 | C7: 23 | D7: 9 | E7: 31 | F7: 21 | G7: 23 | H7: 10 | I7: 120 | J7: 401775 | K7: =J7/$B$24 -> 275
A8: S5 | B8: 31 | C8: 20 | D8: 18 | E8: 19 | F8: 10 | G8: 17 | H8: 18 | I8: 100 | J8: 350640 | K8: =J8/$B$24 -> 240
A9: S6 | B9: 18 | C9: 17 | D9: 29 | E9: 21 | F9: 22 | G9: 18 | H9: 8 | I9: 120 | J9: 336030 | K9: =J9/$B$24 -> 230
A11: Demanda q/día | B11: 36 | C11: 42 | D11: 34 | E11: 50 | F11: 27 | G11: 30 | H11: 43
A14: Coste por quintal, incluida ida y vuelta (€/q)
A15: Silo | B15: G1 | C15: G2 | D15: G3 | E15: G4 | F15: G5 | G15: G6 | H15: G7
A16: S1 | B16: =B4*$B$25*$B$26 -> 2.16 | C16: =C4*$B$25*$B$26 -> 2.76 | D16: =D4*$B$25*$B$26 -> 2.28 | E16: =E4*$B$25*$B$26 -> 2.52 | F16: =F4*$B$25*$B$26 -> 2.88 | G16: =G4*$B$25*$B$26 -> 2.04 | H16: =H4*$B$25*$B$26 -> 1.08
A17: S2 | B17: =B5*$B$25*$B$26 -> 2.52 | C17: =C5*$B$25*$B$26 -> 2.16 | D17: =D5*$B$25*$B$26 -> 2.04 | E17: =E5*$B$25*$B$26 -> 2.76 | F17: =F5*$B$25*$B$26 -> 1.32 | G17: =G5*$B$25*$B$26 -> 2.16 | H17: =H5*$B$25*$B$26 -> 2.4
A18: S3 | B18: =B6*$B$25*$B$26 -> 3.24 | C18: =C6*$B$25*$B$26 -> 2.16 | D18: =D6*$B$25*$B$26 -> 2.04 | E18: =E6*$B$25*$B$26 -> 2.4 | F18: =F6*$B$25*$B$26 -> 2.76 | G18: =G6*$B$25*$B$26 -> 1.08 | H18: =H6*$B$25*$B$26 -> 2.16
A19: S4 | B19: =B7*$B$25*$B$26 -> 1.92 | C19: =C7*$B$25*$B$26 -> 2.76 | D19: =D7*$B$25*$B$26 -> 1.08 | E19: =E7*$B$25*$B$26 -> 3.72 | F19: =F7*$B$25*$B$26 -> 2.52 | G19: =G7*$B$25*$B$26 -> 2.76 | H19: =H7*$B$25*$B$26 -> 1.2
A20: S5 | B20: =B8*$B$25*$B$26 -> 3.72 | C20: =C8*$B$25*$B$26 -> 2.4 | D20: =D8*$B$25*$B$26 -> 2.16 | E20: =E8*$B$25*$B$26 -> 2.28 | F20: =F8*$B$25*$B$26 -> 1.2 | G20: =G8*$B$25*$B$26 -> 2.04 | H20: =H8*$B$25*$B$26 -> 2.16
A21: S6 | B21: =B9*$B$25*$B$26 -> 2.16 | C21: =C9*$B$25*$B$26 -> 2.04 | D21: =D9*$B$25*$B$26 -> 3.48 | E21: =E9*$B$25*$B$26 -> 2.52 | F21: =F9*$B$25*$B$26 -> 2.64 | G21: =G9*$B$25*$B$26 -> 2.16 | H21: =H9*$B$25*$B$26 -> 0.96
A24: Días horizonte | B24: 1461
A25: €/quintal/km | B25: 0.06
A26: Ida y vuelta | B26: 2
